customer_id,customer_type,tariff_class,daya_terpasang_va,tarif_rp_per_kwh,region,base_consumption_kwh,tanggal_pasang
CUST_00001,Bisnis Menengah,B2,41500,1699,Denpasar,1489.99,2021-12-30
CUST_00002,Rumah Tangga,R1/2200VA,2200,1444,Medan,179.67,2021-01-16
CUST_00003,Industri Kecil,I1,13900,1444,Denpasar,340.66,2023-05-13
CUST_00004,Bisnis Kecil,B1,5500,1444,Palembang,366.67,2023-08-22
CUST_00005,Rumah Tangga,R1/900VA,900,1352,Semarang,126.34,2021-05-04
CUST_00006,Sosial,S2,3500,1352,Denpasar,288.81,2018-05-03
CUST_00007,Bisnis Menengah,B2,41500,1699,Makassar,1541.46,2020-05-21
CUST_00008,Industri Kecil,I1,13900,1444,Semarang,399.62,2018-10-28
CUST_00009,Rumah Tangga,R1/900VA,900,1352,Surabaya,62.72,2020-08-28
CUST_00010,Rumah Tangga,R1/2200VA,2200,1444,Denpasar,187.8,2022-04-21
CUST_00011,Rumah Tangga,R1/1300VA,1300,1444,Makassar,184.72,2018-04-28
CUST_00012,Industri Besar,I3/I4,1000000,997,Palembang,18027.37,2019-07-20
CUST_00013,Bisnis Kecil,B1,5500,1444,Medan,555.74,2015-05-30
CUST_00014,Industri Kecil,I1,13900,1444,Palembang,1186.11,2021-08-16
CUST_00015,Rumah Tangga,R1/2200VA,2200,1444,Jakarta,345.94,2019-05-29
CUST_00016,Rumah Tangga,R1/1300VA,1300,1444,Jakarta,212.95,2019-02-19
CUST_00017,Rumah Tangga,R2/5500VA,5500,1699,Makassar,282.32,2019-10-16
CUST_00018,Rumah Tangga,R1/900VA,900,1352,Semarang,52.4,2016-12-08
CUST_00019,Industri Kecil,I1,13900,1444,Palembang,574.02,2020-05-18
CUST_00020,Bisnis Kecil,B1,5500,1444,Medan,398.8,2021-09-13
CUST_00021,Bisnis Menengah,B2,41500,1699,Semarang,784.26,2018-02-22
CUST_00022,Rumah Tangga,R1/1300VA,1300,1444,Makassar,196.87,2016-03-06
CUST_00023,Sosial,S2,3500,1352,Denpasar,277.36,2018-06-24
CUST_00024,Industri Menengah,I2,200000,1115,Semarang,3803.35,2016-10-14
CUST_00025,Bisnis Menengah,B2,41500,1699,Medan,914.09,2018-05-13
CUST_00026,Rumah Tangga,R1/900VA,900,1352,Denpasar,62.79,2020-08-21
CUST_00027,Rumah Tangga,R1/2200VA,2200,1444,Jakarta,156.87,2016-01-08
CUST_00028,Rumah Tangga,R1/900VA,900,1352,Denpasar,116.67,2021-09-20
CUST_00029,Rumah Tangga,R1/900VA,900,1352,Bandung,92.58,2017-01-07
CUST_00030,Bisnis Kecil,B1,5500,1444,Surabaya,480.81,2023-01-18
CUST_00031,Bisnis Menengah,B2,41500,1699,Palembang,1162.46,2021-08-03
CUST_00032,Sosial,S2,3500,1352,Semarang,198.8,2017-06-14
CUST_00033,Rumah Tangga,R1/1300VA,1300,1444,Denpasar,130.73,2020-01-25
CUST_00034,Rumah Tangga,R1/1300VA,1300,1444,Semarang,184.0,2015-12-30
CUST_00035,Rumah Tangga,R1/2200VA,2200,1444,Semarang,297.64,2015-11-24
CUST_00036,Rumah Tangga,R1/900VA,900,1352,Surabaya,58.61,2023-08-07
CUST_00037,Rumah Tangga,R1/900VA,900,1352,Jakarta,124.74,2022-03-20
CUST_00038,Rumah Tangga,R1/2200VA,2200,1444,Jakarta,147.75,2016-05-22
CUST_00039,Rumah Tangga,R1/1300VA,1300,1444,Surabaya,204.42,2017-07-17
CUST_00040,Bisnis Kecil,B1,5500,1444,Jakarta,195.18,2016-10-11
CUST_00041,Rumah Tangga,R1/2200VA,2200,1444,Makassar,180.84,2018-07-22
CUST_00042,Industri Kecil,I1,13900,1444,Palembang,1061.83,2017-08-15
CUST_00043,Bisnis Kecil,B1,5500,1444,Denpasar,230.77,2017-12-13
CUST_00044,Rumah Tangga,R1/1300VA,1300,1444,Medan,132.04,2019-10-06
CUST_00045,Industri Kecil,I1,13900,1444,Denpasar,704.87,2016-09-13
CUST_00046,Industri Kecil,I1,13900,1444,Denpasar,520.73,2022-12-10
CUST_00047,Rumah Tangga,R1/1300VA,1300,1444,Palembang,176.54,2021-07-18
CUST_00048,Rumah Tangga,R1/1300VA,1300,1444,Medan,197.7,2021-11-03
CUST_00049,Bisnis Kecil,B1,5500,1444,Surabaya,543.56,2016-07-10
CUST_00050,Rumah Tangga,R1/900VA,900,1352,Denpasar,70.54,2021-05-15
CUST_00051,Rumah Tangga,R1/900VA,900,1352,Bandung,87.78,2022-07-10
CUST_00052,Rumah Tangga,R1/900VA,900,1352,Medan,62.36,2016-07-29
CUST_00053,Industri Kecil,I1,13900,1444,Jakarta,520.32,2021-10-03
CUST_00054,Bisnis Kecil,B1,5500,1444,Palembang,222.56,2018-03-20
CUST_00055,Bisnis Kecil,B1,5500,1444,Semarang,573.01,2022-01-31
CUST_00056,Industri Kecil,I1,13900,1444,Jakarta,1099.19,2019-04-21
CUST_00057,Rumah Tangga,R1/2200VA,2200,1444,Bandung,298.79,2022-03-20
CUST_00058,Rumah Tangga,R2/5500VA,5500,1699,Makassar,482.95,2016-04-29
CUST_00059,Rumah Tangga,R1/900VA,900,1352,Makassar,84.15,2018-07-02
CUST_00060,Rumah Tangga,R1/900VA,900,1352,Palembang,87.68,2017-06-17
CUST_00061,Bisnis Kecil,B1,5500,1444,Surabaya,391.46,2017-03-26
CUST_00062,Rumah Tangga,R1/2200VA,2200,1444,Denpasar,219.95,2017-10-09
CUST_00063,Rumah Tangga,R2/5500VA,5500,1699,Medan,309.29,2018-06-10
CUST_00064,Bisnis Menengah,B2,41500,1699,Palembang,838.76,2016-02-23
CUST_00065,Bisnis Kecil,B1,5500,1444,Bandung,578.51,2021-05-11
CUST_00066,Rumah Tangga,R2/5500VA,5500,1699,Jakarta,466.91,2019-12-13
CUST_00067,Rumah Tangga,R2/5500VA,5500,1699,Jakarta,678.94,2022-06-17
CUST_00068,Rumah Tangga,R1/1300VA,1300,1444,Surabaya,94.54,2021-05-05
CUST_00069,Rumah Tangga,R1/900VA,900,1352,Denpasar,89.9,2016-05-04
CUST_00070,Rumah Tangga,R1/2200VA,2200,1444,Jakarta,167.77,2015-08-18
CUST_00071,Rumah Tangga,R1/900VA,900,1352,Surabaya,62.79,2018-10-20
CUST_00072,Rumah Tangga,R1/1300VA,1300,1444,Jakarta,74.51,2019-04-30
CUST_00073,Industri Kecil,I1,13900,1444,Denpasar,407.06,2017-02-28
CUST_00074,Rumah Tangga,R1/1300VA,1300,1444,Semarang,207.53,2022-01-13
CUST_00075,Rumah Tangga,R1/900VA,900,1352,Palembang,68.94,2020-03-25
CUST_00076,Rumah Tangga,R1/1300VA,1300,1444,Semarang,161.22,2021-09-23
CUST_00077,Rumah Tangga,R1/1300VA,1300,1444,Semarang,139.75,2015-12-25
CUST_00078,Bisnis Kecil,B1,5500,1444,Palembang,330.2,2022-05-01
CUST_00079,Rumah Tangga,R2/5500VA,5500,1699,Jakarta,489.35,2016-11-08
CUST_00080,Industri Kecil,I1,13900,1444,Palembang,468.52,2019-01-12
CUST_00081,Bisnis Kecil,B1,5500,1444,Semarang,594.87,2018-12-14
CUST_00082,Rumah Tangga,R1/1300VA,1300,1444,Semarang,192.75,2022-05-19
CUST_00083,Industri Kecil,I1,13900,1444,Medan,967.45,2017-06-28
CUST_00084,Rumah Tangga,R1/900VA,900,1352,Palembang,82.19,2017-03-01
CUST_00085,Rumah Tangga,R1/900VA,900,1352,Medan,53.76,2018-01-20
CUST_00086,Rumah Tangga,R1/900VA,900,1352,Jakarta,122.86,2018-03-31
CUST_00087,Bisnis Menengah,B2,41500,1699,Denpasar,1248.64,2016-08-19
CUST_00088,Rumah Tangga,R1/2200VA,2200,1444,Bandung,131.52,2016-08-02
CUST_00089,Rumah Tangga,R1/900VA,900,1352,Jakarta,70.82,2017-01-29
CUST_00090,Rumah Tangga,R1/2200VA,2200,1444,Makassar,302.73,2019-03-16
CUST_00091,Rumah Tangga,R1/900VA,900,1352,Bandung,96.04,2018-02-01
CUST_00092,Bisnis Kecil,B1,5500,1444,Palembang,487.88,2018-07-11
CUST_00093,Rumah Tangga,R1/2200VA,2200,1444,Medan,302.54,2021-06-20
CUST_00094,Rumah Tangga,R1/1300VA,1300,1444,Jakarta,101.79,2017-03-02
CUST_00095,Rumah Tangga,R1/1300VA,1300,1444,Denpasar,208.57,2023-03-08
CUST_00096,Bisnis Kecil,B1,5500,1444,Makassar,347.1,2021-10-05
CUST_00097,Rumah Tangga,R1/1300VA,1300,1444,Surabaya,165.85,2016-07-27
CUST_00098,Rumah Tangga,R1/900VA,900,1352,Semarang,40.21,2017-10-27
CUST_00099,Rumah Tangga,R1/900VA,900,1352,Makassar,129.4,2016-08-25
CUST_00100,Sosial,S2,3500,1352,Jakarta,169.89,2017-06-15
CUST_00101,Industri Menengah,I2,200000,1115,Palembang,1497.9,2018-04-15
CUST_00102,Bisnis Kecil,B1,5500,1444,Medan,356.22,2016-03-05
CUST_00103,Rumah Tangga,R1/1300VA,1300,1444,Semarang,89.35,2015-02-17
CUST_00104,Sosial,S2,3500,1352,Denpasar,128.74,2018-12-12
CUST_00105,Bisnis Menengah,B2,41500,1699,Makassar,1801.34,2021-04-21
CUST_00106,Bisnis Menengah,B2,41500,1699,Semarang,1346.56,2017-09-22
CUST_00107,Rumah Tangga,R1/2200VA,2200,1444,Surabaya,332.03,2022-09-27
CUST_00108,Rumah Tangga,R1/1300VA,1300,1444,Bandung,117.87,2018-04-28
CUST_00109,Rumah Tangga,R1/900VA,900,1352,Medan,105.36,2023-02-07
CUST_00110,Industri Menengah,I2,200000,1115,Palembang,3413.28,2017-02-14
CUST_00111,Rumah Tangga,R1/2200VA,2200,1444,Makassar,271.79,2019-11-07
CUST_00112,Rumah Tangga,R1/900VA,900,1352,Surabaya,93.97,2021-11-11
CUST_00113,Rumah Tangga,R1/1300VA,1300,1444,Palembang,140.92,2015-07-13
CUST_00114,Rumah Tangga,R2/5500VA,5500,1699,Palembang,677.53,2023-05-14
CUST_00115,Rumah Tangga,R1/900VA,900,1352,Denpasar,70.84,2018-04-13
CUST_00116,Industri Kecil,I1,13900,1444,Surabaya,459.51,2019-06-24
CUST_00117,Bisnis Menengah,B2,41500,1699,Semarang,1888.38,2020-08-26
CUST_00118,Bisnis Menengah,B2,41500,1699,Makassar,2207.41,2020-10-13
CUST_00119,Rumah Tangga,R1/2200VA,2200,1444,Medan,129.26,2015-03-19
CUST_00120,Bisnis Kecil,B1,5500,1444,Medan,352.33,2022-10-19
CUST_00121,Rumah Tangga,R2/5500VA,5500,1699,Jakarta,651.62,2020-08-10
CUST_00122,Bisnis Kecil,B1,5500,1444,Surabaya,487.33,2023-12-26
CUST_00123,Rumah Tangga,R1/900VA,900,1352,Makassar,129.26,2019-03-29
CUST_00124,Rumah Tangga,R1/1300VA,1300,1444,Denpasar,149.71,2020-07-08
CUST_00125,Rumah Tangga,R1/900VA,900,1352,Palembang,99.4,2018-12-19
CUST_00126,Rumah Tangga,R1/2200VA,2200,1444,Bandung,189.57,2023-01-01
CUST_00127,Rumah Tangga,R1/1300VA,1300,1444,Semarang,212.13,2022-06-27
CUST_00128,Rumah Tangga,R1/900VA,900,1352,Jakarta,72.97,2023-03-04
CUST_00129,Rumah Tangga,R1/900VA,900,1352,Semarang,106.47,2019-07-15
CUST_00130,Rumah Tangga,R2/5500VA,5500,1699,Surabaya,431.41,2022-02-12
CUST_00131,Rumah Tangga,R1/900VA,900,1352,Medan,90.56,2018-03-24
CUST_00132,Industri Besar,I3/I4,1000000,997,Semarang,15516.52,2019-02-23
CUST_00133,Rumah Tangga,R2/5500VA,5500,1699,Medan,479.02,2021-11-02
CUST_00134,Rumah Tangga,R1/1300VA,1300,1444,Palembang,206.06,2015-09-24
CUST_00135,Rumah Tangga,R2/5500VA,5500,1699,Makassar,438.69,2021-05-22
CUST_00136,Rumah Tangga,R1/900VA,900,1352,Denpasar,98.24,2015-02-21
CUST_00137,Sosial,S2,3500,1352,Semarang,189.56,2020-03-22
CUST_00138,Rumah Tangga,R1/2200VA,2200,1444,Surabaya,213.88,2019-04-17
CUST_00139,Industri Kecil,I1,13900,1444,Palembang,696.05,2019-03-20
CUST_00140,Rumah Tangga,R1/900VA,900,1352,Medan,51.32,2019-06-12
CUST_00141,Rumah Tangga,R1/2200VA,2200,1444,Makassar,141.1,2019-06-05
CUST_00142,Rumah Tangga,R1/2200VA,2200,1444,Bandung,273.52,2018-08-31
CUST_00143,Industri Besar,I3/I4,1000000,997,Jakarta,14488.28,2019-01-22
CUST_00144,Rumah Tangga,R2/5500VA,5500,1699,Makassar,548.31,2020-02-10
CUST_00145,Rumah Tangga,R1/2200VA,2200,1444,Bandung,124.55,2021-11-12
CUST_00146,Rumah Tangga,R1/1300VA,1300,1444,Denpasar,118.98,2019-12-19
CUST_00147,Rumah Tangga,R1/1300VA,1300,1444,Palembang,99.67,2020-10-11
CUST_00148,Rumah Tangga,R1/2200VA,2200,1444,Semarang,298.97,2022-07-11
CUST_00149,Rumah Tangga,R1/2200VA,2200,1444,Semarang,317.94,2023-11-25
CUST_00150,Rumah Tangga,R1/900VA,900,1352,Makassar,62.2,2015-12-23
CUST_00151,Industri Kecil,I1,13900,1444,Jakarta,901.06,2021-05-30
CUST_00152,Industri Menengah,I2,200000,1115,Medan,1820.94,2017-01-09
CUST_00153,Rumah Tangga,R1/900VA,900,1352,Medan,64.76,2016-10-08
CUST_00154,Rumah Tangga,R2/5500VA,5500,1699,Denpasar,312.39,2022-02-18
CUST_00155,Rumah Tangga,R1/900VA,900,1352,Bandung,65.52,2015-08-14
CUST_00156,Bisnis Kecil,B1,5500,1444,Medan,453.63,2022-08-17
CUST_00157,Rumah Tangga,R1/1300VA,1300,1444,Surabaya,206.55,2021-12-06
CUST_00158,Bisnis Kecil,B1,5500,1444,Bandung,241.14,2023-12-12
CUST_00159,Bisnis Menengah,B2,41500,1699,Jakarta,1629.95,2021-01-03
CUST_00160,Bisnis Menengah,B2,41500,1699,Surabaya,1932.64,2022-11-07
CUST_00161,Rumah Tangga,R1/900VA,900,1352,Jakarta,125.76,2016-01-25
CUST_00162,Industri Menengah,I2,200000,1115,Jakarta,4128.29,2023-01-02
CUST_00163,Rumah Tangga,R1/1300VA,1300,1444,Surabaya,108.27,2016-06-10
CUST_00164,Rumah Tangga,R1/900VA,900,1352,Bandung,96.29,2017-10-29
CUST_00165,Rumah Tangga,R2/5500VA,5500,1699,Makassar,394.22,2016-02-26
CUST_00166,Rumah Tangga,R1/1300VA,1300,1444,Jakarta,216.42,2018-08-12
CUST_00167,Industri Kecil,I1,13900,1444,Surabaya,659.71,2021-09-26
CUST_00168,Industri Kecil,I1,13900,1444,Medan,916.88,2017-05-30
CUST_00169,Rumah Tangga,R1/1300VA,1300,1444,Denpasar,73.48,2022-05-24
CUST_00170,Sosial,S2,3500,1352,Semarang,208.02,2020-06-14
CUST_00171,Rumah Tangga,R1/1300VA,1300,1444,Denpasar,201.27,2020-08-28
CUST_00172,Rumah Tangga,R1/2200VA,2200,1444,Surabaya,260.35,2023-06-11
CUST_00173,Rumah Tangga,R1/1300VA,1300,1444,Medan,136.59,2018-11-19
CUST_00174,Industri Besar,I3/I4,1000000,997,Medan,18975.0,2018-02-06
CUST_00175,Rumah Tangga,R1/900VA,900,1352,Denpasar,116.86,2023-12-12
CUST_00176,Rumah Tangga,R1/900VA,900,1352,Denpasar,69.0,2020-01-04
CUST_00177,Rumah Tangga,R1/2200VA,2200,1444,Denpasar,245.25,2020-07-11
CUST_00178,Pemerintah,P1,13900,1699,Palembang,887.79,2017-08-31
CUST_00179,Industri Menengah,I2,200000,1115,Makassar,4234.57,2016-12-08
CUST_00180,Bisnis Menengah,B2,41500,1699,Makassar,1234.81,2016-07-11
CUST_00181,Industri Menengah,I2,200000,1115,Denpasar,2372.18,2017-01-04
CUST_00182,Industri Menengah,I2,200000,1115,Surabaya,5580.82,2016-10-03
CUST_00183,Rumah Tangga,R1/2200VA,2200,1444,Surabaya,332.49,2021-09-18
CUST_00184,Rumah Tangga,R1/1300VA,1300,1444,Denpasar,196.5,2015-07-10
CUST_00185,Bisnis Menengah,B2,41500,1699,Medan,2458.59,2020-08-29
CUST_00186,Bisnis Kecil,B1,5500,1444,Bandung,485.25,2023-07-16
CUST_00187,Rumah Tangga,R1/1300VA,1300,1444,Makassar,184.7,2021-11-19
CUST_00188,Rumah Tangga,R1/900VA,900,1352,Surabaya,108.63,2018-08-16
CUST_00189,Bisnis Menengah,B2,41500,1699,Denpasar,1513.15,2015-07-15
CUST_00190,Rumah Tangga,R1/1300VA,1300,1444,Denpasar,138.47,2022-07-03
CUST_00191,Industri Besar,I3/I4,1000000,997,Surabaya,7843.62,2015-01-11
CUST_00192,Rumah Tangga,R1/1300VA,1300,1444,Makassar,166.72,2021-02-16
CUST_00193,Rumah Tangga,R1/900VA,900,1352,Denpasar,66.04,2021-01-13
CUST_00194,Industri Kecil,I1,13900,1444,Semarang,532.03,2016-09-22
CUST_00195,Rumah Tangga,R1/900VA,900,1352,Bandung,92.74,2021-08-27
CUST_00196,Rumah Tangga,R1/900VA,900,1352,Makassar,76.9,2016-07-30
CUST_00197,Rumah Tangga,R2/5500VA,5500,1699,Makassar,348.49,2017-01-11
CUST_00198,Industri Menengah,I2,200000,1115,Semarang,5117.07,2022-04-21
CUST_00199,Rumah Tangga,R1/900VA,900,1352,Jakarta,117.45,2023-10-22
CUST_00200,Rumah Tangga,R1/1300VA,1300,1444,Surabaya,95.15,2017-05-19
CUST_00201,Bisnis Menengah,B2,41500,1699,Palembang,614.26,2023-04-15
CUST_00202,Sosial,S2,3500,1352,Bandung,187.56,2023-03-20
CUST_00203,Rumah Tangga,R1/2200VA,2200,1444,Surabaya,303.43,2021-12-02
CUST_00204,Rumah Tangga,R1/900VA,900,1352,Surabaya,115.53,2016-04-05
CUST_00205,Rumah Tangga,R1/900VA,900,1352,Bandung,52.45,2017-09-10
CUST_00206,Rumah Tangga,R1/1300VA,1300,1444,Bandung,186.15,2021-02-04
CUST_00207,Rumah Tangga,R1/900VA,900,1352,Surabaya,50.41,2023-12-27
CUST_00208,Bisnis Kecil,B1,5500,1444,Palembang,325.53,2022-04-29
CUST_00209,Rumah Tangga,R1/900VA,900,1352,Jakarta,129.87,2018-10-12
CUST_00210,Rumah Tangga,R1/2200VA,2200,1444,Surabaya,164.3,2017-02-11
CUST_00211,Bisnis Kecil,B1,5500,1444,Jakarta,219.28,2023-08-21
CUST_00212,Rumah Tangga,R2/5500VA,5500,1699,Makassar,440.26,2017-06-26
CUST_00213,Rumah Tangga,R1/900VA,900,1352,Surabaya,95.77,2018-01-29
CUST_00214,Industri Kecil,I1,13900,1444,Palembang,1139.61,2023-09-04
CUST_00215,Bisnis Menengah,B2,41500,1699,Makassar,2463.56,2020-01-20
CUST_00216,Bisnis Menengah,B2,41500,1699,Palembang,732.32,2017-05-19
CUST_00217,Rumah Tangga,R1/900VA,900,1352,Semarang,52.42,2015-01-18
CUST_00218,Rumah Tangga,R1/900VA,900,1352,Medan,111.17,2018-11-13
CUST_00219,Industri Besar,I3/I4,1000000,997,Palembang,8330.11,2023-11-14
CUST_00220,Rumah Tangga,R1/1300VA,1300,1444,Medan,202.73,2018-11-21
CUST_00221,Rumah Tangga,R1/1300VA,1300,1444,Denpasar,169.52,2021-04-16
CUST_00222,Rumah Tangga,R1/2200VA,2200,1444,Denpasar,145.72,2017-04-11
CUST_00223,Bisnis Kecil,B1,5500,1444,Makassar,524.64,2021-12-22
CUST_00224,Sosial,S2,3500,1352,Semarang,136.43,2021-12-23
CUST_00225,Rumah Tangga,R1/1300VA,1300,1444,Surabaya,133.52,2020-06-21
CUST_00226,Industri Besar,I3/I4,1000000,997,Palembang,12834.96,2021-12-10
CUST_00227,Rumah Tangga,R1/900VA,900,1352,Semarang,85.07,2020-03-16
CUST_00228,Rumah Tangga,R2/5500VA,5500,1699,Denpasar,558.77,2018-05-27
CUST_00229,Bisnis Kecil,B1,5500,1444,Surabaya,443.71,2021-08-20
CUST_00230,Rumah Tangga,R1/900VA,900,1352,Palembang,129.28,2022-07-06
CUST_00231,Rumah Tangga,R1/900VA,900,1352,Medan,129.95,2022-07-25
CUST_00232,Rumah Tangga,R1/1300VA,1300,1444,Bandung,147.47,2016-11-30
CUST_00233,Sosial,S2,3500,1352,Bandung,110.46,2021-01-31
CUST_00234,Rumah Tangga,R2/5500VA,5500,1699,Makassar,577.53,2015-01-15
CUST_00235,Industri Besar,I3/I4,1000000,997,Surabaya,19626.63,2020-02-23
CUST_00236,Industri Kecil,I1,13900,1444,Jakarta,586.49,2020-02-20
CUST_00237,Rumah Tangga,R1/2200VA,2200,1444,Medan,226.08,2018-04-09
CUST_00238,Industri Kecil,I1,13900,1444,Semarang,682.3,2023-12-10
CUST_00239,Rumah Tangga,R1/900VA,900,1352,Surabaya,44.63,2022-12-10
CUST_00240,Rumah Tangga,R1/900VA,900,1352,Denpasar,100.5,2015-05-07
CUST_00241,Industri Kecil,I1,13900,1444,Palembang,618.0,2016-11-17
CUST_00242,Industri Kecil,I1,13900,1444,Makassar,1008.72,2016-11-14
CUST_00243,Rumah Tangga,R1/1300VA,1300,1444,Denpasar,194.82,2023-01-27
CUST_00244,Rumah Tangga,R1/2200VA,2200,1444,Medan,308.88,2019-09-01
CUST_00245,Rumah Tangga,R2/5500VA,5500,1699,Bandung,437.5,2021-07-22
CUST_00246,Industri Menengah,I2,200000,1115,Jakarta,2743.42,2022-04-14
CUST_00247,Rumah Tangga,R2/5500VA,5500,1699,Denpasar,586.97,2021-11-26
CUST_00248,Rumah Tangga,R1/1300VA,1300,1444,Denpasar,190.21,2015-10-20
CUST_00249,Rumah Tangga,R1/1300VA,1300,1444,Semarang,143.69,2016-04-06
CUST_00250,Rumah Tangga,R1/2200VA,2200,1444,Jakarta,325.4,2018-07-22
CUST_00251,Bisnis Kecil,B1,5500,1444,Surabaya,214.76,2018-01-16
CUST_00252,Industri Menengah,I2,200000,1115,Jakarta,5419.53,2021-09-20
CUST_00253,Rumah Tangga,R1/2200VA,2200,1444,Jakarta,142.1,2016-05-28
CUST_00254,Rumah Tangga,R1/1300VA,1300,1444,Bandung,93.03,2018-05-05
CUST_00255,Rumah Tangga,R1/1300VA,1300,1444,Makassar,150.08,2017-02-16
CUST_00256,Bisnis Menengah,B2,41500,1699,Jakarta,728.29,2016-09-12
CUST_00257,Industri Kecil,I1,13900,1444,Denpasar,347.53,2016-07-21
CUST_00258,Rumah Tangga,R1/900VA,900,1352,Medan,40.05,2016-10-04
CUST_00259,Rumah Tangga,R1/900VA,900,1352,Surabaya,79.27,2020-01-28
CUST_00260,Rumah Tangga,R2/5500VA,5500,1699,Makassar,598.58,2018-09-09
CUST_00261,Rumah Tangga,R1/900VA,900,1352,Palembang,43.14,2018-11-30
CUST_00262,Industri Kecil,I1,13900,1444,Surabaya,887.03,2019-04-24
CUST_00263,Rumah Tangga,R1/1300VA,1300,1444,Jakarta,193.47,2021-08-31
CUST_00264,Rumah Tangga,R1/900VA,900,1352,Jakarta,55.12,2022-10-02
CUST_00265,Industri Besar,I3/I4,1000000,997,Palembang,6349.82,2019-09-26
CUST_00266,Rumah Tangga,R1/900VA,900,1352,Jakarta,117.47,2020-10-10
CUST_00267,Rumah Tangga,R1/1300VA,1300,1444,Semarang,193.47,2021-08-23
CUST_00268,Rumah Tangga,R1/900VA,900,1352,Medan,88.5,2021-03-17
CUST_00269,Rumah Tangga,R1/900VA,900,1352,Palembang,113.73,2016-03-17
CUST_00270,Rumah Tangga,R1/900VA,900,1352,Jakarta,48.35,2023-11-04
CUST_00271,Rumah Tangga,R1/900VA,900,1352,Denpasar,75.5,2016-06-25
CUST_00272,Rumah Tangga,R1/900VA,900,1352,Semarang,106.4,2018-09-14
CUST_00273,Rumah Tangga,R1/900VA,900,1352,Medan,63.17,2020-11-13
CUST_00274,Rumah Tangga,R2/5500VA,5500,1699,Bandung,588.55,2018-08-18
CUST_00275,Bisnis Kecil,B1,5500,1444,Denpasar,376.88,2017-03-09
CUST_00276,Rumah Tangga,R1/1300VA,1300,1444,Surabaya,182.54,2023-04-22
CUST_00277,Rumah Tangga,R1/1300VA,1300,1444,Medan,139.7,2015-08-23
CUST_00278,Rumah Tangga,R1/2200VA,2200,1444,Medan,204.62,2017-03-18
CUST_00279,Industri Menengah,I2,200000,1115,Bandung,2252.11,2023-12-06
CUST_00280,Industri Kecil,I1,13900,1444,Medan,487.54,2021-07-25
CUST_00281,Rumah Tangga,R1/900VA,900,1352,Bandung,107.63,2015-10-13
CUST_00282,Rumah Tangga,R1/900VA,900,1352,Jakarta,50.7,2021-10-14
CUST_00283,Rumah Tangga,R1/1300VA,1300,1444,Surabaya,82.9,2023-09-20
CUST_00284,Rumah Tangga,R1/1300VA,1300,1444,Jakarta,96.44,2015-11-18
CUST_00285,Rumah Tangga,R2/5500VA,5500,1699,Medan,328.91,2018-09-22
CUST_00286,Rumah Tangga,R1/1300VA,1300,1444,Palembang,193.47,2019-03-19
CUST_00287,Rumah Tangga,R1/900VA,900,1352,Bandung,75.87,2016-03-06
CUST_00288,Rumah Tangga,R1/1300VA,1300,1444,Jakarta,218.56,2016-10-20
CUST_00289,Rumah Tangga,R1/2200VA,2200,1444,Jakarta,151.56,2016-07-24
CUST_00290,Rumah Tangga,R1/900VA,900,1352,Makassar,98.82,2016-08-31
CUST_00291,Industri Kecil,I1,13900,1444,Surabaya,703.86,2018-08-18
CUST_00292,Rumah Tangga,R1/900VA,900,1352,Medan,75.36,2019-03-04
CUST_00293,Industri Besar,I3/I4,1000000,997,Jakarta,18001.35,2017-02-20
CUST_00294,Rumah Tangga,R1/900VA,900,1352,Surabaya,127.8,2017-08-08
CUST_00295,Industri Kecil,I1,13900,1444,Medan,1085.57,2016-09-23
CUST_00296,Industri Menengah,I2,200000,1115,Medan,2123.04,2022-02-28
CUST_00297,Sosial,S2,3500,1352,Makassar,150.66,2016-11-26
CUST_00298,Industri Kecil,I1,13900,1444,Palembang,890.47,2023-03-01
CUST_00299,Bisnis Menengah,B2,41500,1699,Medan,1149.26,2019-11-06
CUST_00300,Bisnis Kecil,B1,5500,1444,Palembang,480.63,2022-03-21
CUST_00301,Bisnis Menengah,B2,41500,1699,Makassar,1676.2,2020-09-21
CUST_00302,Rumah Tangga,R1/900VA,900,1352,Surabaya,89.58,2017-05-23
CUST_00303,Rumah Tangga,R1/2200VA,2200,1444,Bandung,310.57,2020-05-29
CUST_00304,Rumah Tangga,R1/2200VA,2200,1444,Surabaya,283.42,2017-06-19
CUST_00305,Industri Kecil,I1,13900,1444,Makassar,323.92,2016-01-25
CUST_00306,Rumah Tangga,R1/2200VA,2200,1444,Bandung,131.38,2017-04-16
CUST_00307,Rumah Tangga,R1/1300VA,1300,1444,Denpasar,160.23,2017-06-24
CUST_00308,Bisnis Kecil,B1,5500,1444,Medan,368.79,2016-03-19
CUST_00309,Rumah Tangga,R1/1300VA,1300,1444,Palembang,109.03,2015-03-19
CUST_00310,Rumah Tangga,R1/900VA,900,1352,Semarang,77.68,2023-06-28
CUST_00311,Rumah Tangga,R1/2200VA,2200,1444,Surabaya,294.32,2019-08-14
CUST_00312,Rumah Tangga,R1/1300VA,1300,1444,Bandung,193.99,2018-08-13
CUST_00313,Rumah Tangga,R1/1300VA,1300,1444,Semarang,154.18,2023-05-13
CUST_00314,Rumah Tangga,R1/1300VA,1300,1444,Surabaya,127.81,2017-01-08
CUST_00315,Rumah Tangga,R1/1300VA,1300,1444,Bandung,110.6,2018-08-16
CUST_00316,Rumah Tangga,R1/1300VA,1300,1444,Denpasar,148.29,2022-08-13
CUST_00317,Rumah Tangga,R1/1300VA,1300,1444,Medan,117.21,2020-09-07
CUST_00318,Bisnis Kecil,B1,5500,1444,Jakarta,403.84,2018-08-04
CUST_00319,Rumah Tangga,R1/1300VA,1300,1444,Medan,171.5,2017-04-20
CUST_00320,Industri Besar,I3/I4,1000000,997,Medan,5057.27,2015-04-26
CUST_00321,Industri Menengah,I2,200000,1115,Palembang,1205.12,2015-10-07
CUST_00322,Rumah Tangga,R1/2200VA,2200,1444,Semarang,168.82,2016-06-15
CUST_00323,Rumah Tangga,R1/1300VA,1300,1444,Bandung,204.18,2022-01-28
CUST_00324,Rumah Tangga,R1/2200VA,2200,1444,Bandung,268.65,2020-09-30
CUST_00325,Industri Kecil,I1,13900,1444,Makassar,454.76,2018-11-24
CUST_00326,Bisnis Kecil,B1,5500,1444,Jakarta,550.62,2022-01-15
CUST_00327,Industri Kecil,I1,13900,1444,Surabaya,722.96,2016-06-12
CUST_00328,Rumah Tangga,R1/2200VA,2200,1444,Bandung,229.5,2016-11-23
CUST_00329,Bisnis Kecil,B1,5500,1444,Jakarta,570.99,2018-07-14
CUST_00330,Rumah Tangga,R1/1300VA,1300,1444,Denpasar,78.92,2023-04-02
CUST_00331,Bisnis Menengah,B2,41500,1699,Jakarta,1008.84,2020-07-10
CUST_00332,Rumah Tangga,R1/900VA,900,1352,Jakarta,92.72,2022-08-27
CUST_00333,Bisnis Kecil,B1,5500,1444,Denpasar,237.97,2017-03-26
CUST_00334,Industri Menengah,I2,200000,1115,Bandung,4461.73,2022-08-18
CUST_00335,Rumah Tangga,R1/900VA,900,1352,Palembang,59.27,2015-08-27
CUST_00336,Rumah Tangga,R2/5500VA,5500,1699,Jakarta,294.62,2017-01-17
CUST_00337,Rumah Tangga,R1/900VA,900,1352,Bandung,58.63,2019-09-15
CUST_00338,Bisnis Menengah,B2,41500,1699,Jakarta,1403.19,2015-06-16
CUST_00339,Rumah Tangga,R1/900VA,900,1352,Semarang,55.85,2022-09-20
CUST_00340,Industri Besar,I3/I4,1000000,997,Makassar,6155.07,2022-10-20
CUST_00341,Rumah Tangga,R1/900VA,900,1352,Medan,117.43,2019-11-14
CUST_00342,Sosial,S2,3500,1352,Bandung,182.53,2017-10-01
CUST_00343,Industri Kecil,I1,13900,1444,Jakarta,624.68,2015-11-22
CUST_00344,Rumah Tangga,R2/5500VA,5500,1699,Makassar,274.87,2020-07-26
CUST_00345,Industri Kecil,I1,13900,1444,Bandung,621.63,2019-11-02
CUST_00346,Industri Kecil,I1,13900,1444,Makassar,538.33,2021-11-01
CUST_00347,Industri Besar,I3/I4,1000000,997,Semarang,13767.76,2020-06-02
CUST_00348,Rumah Tangga,R1/1300VA,1300,1444,Palembang,100.81,2016-02-26
CUST_00349,Rumah Tangga,R2/5500VA,5500,1699,Medan,649.76,2016-02-04
CUST_00350,Rumah Tangga,R1/900VA,900,1352,Jakarta,123.67,2022-01-09
CUST_00351,Rumah Tangga,R2/5500VA,5500,1699,Surabaya,294.92,2016-06-06
CUST_00352,Rumah Tangga,R1/900VA,900,1352,Palembang,49.67,2023-06-11
CUST_00353,Rumah Tangga,R2/5500VA,5500,1699,Makassar,301.9,2015-12-15
CUST_00354,Rumah Tangga,R2/5500VA,5500,1699,Makassar,528.81,2021-07-20
CUST_00355,Rumah Tangga,R1/2200VA,2200,1444,Medan,148.05,2023-10-09
CUST_00356,Rumah Tangga,R1/2200VA,2200,1444,Bandung,316.05,2018-12-20
CUST_00357,Bisnis Menengah,B2,41500,1699,Denpasar,2033.12,2015-07-06
CUST_00358,Industri Kecil,I1,13900,1444,Palembang,1037.83,2022-11-19
CUST_00359,Rumah Tangga,R1/2200VA,2200,1444,Denpasar,240.99,2016-09-07
CUST_00360,Rumah Tangga,R2/5500VA,5500,1699,Palembang,698.5,2019-09-29
CUST_00361,Industri Besar,I3/I4,1000000,997,Surabaya,4706.8,2023-11-09
CUST_00362,Rumah Tangga,R1/900VA,900,1352,Surabaya,76.11,2021-09-12
CUST_00363,Rumah Tangga,R1/900VA,900,1352,Bandung,69.15,2015-06-02
CUST_00364,Rumah Tangga,R1/900VA,900,1352,Denpasar,125.38,2022-05-19
CUST_00365,Bisnis Kecil,B1,5500,1444,Makassar,409.59,2016-06-13
CUST_00366,Rumah Tangga,R1/1300VA,1300,1444,Medan,190.93,2021-09-27
CUST_00367,Bisnis Menengah,B2,41500,1699,Denpasar,923.65,2020-08-01
CUST_00368,Bisnis Kecil,B1,5500,1444,Makassar,590.39,2017-08-03
CUST_00369,Rumah Tangga,R1/1300VA,1300,1444,Denpasar,144.8,2018-10-23
CUST_00370,Industri Menengah,I2,200000,1115,Denpasar,3569.63,2016-01-23
CUST_00371,Bisnis Menengah,B2,41500,1699,Jakarta,2444.68,2023-11-16
CUST_00372,Rumah Tangga,R1/1300VA,1300,1444,Surabaya,127.11,2017-02-21
CUST_00373,Rumah Tangga,R1/1300VA,1300,1444,Semarang,129.63,2017-10-11
CUST_00374,Rumah Tangga,R1/1300VA,1300,1444,Palembang,157.71,2019-07-10
CUST_00375,Rumah Tangga,R1/900VA,900,1352,Bandung,51.52,2021-01-17
CUST_00376,Rumah Tangga,R1/900VA,900,1352,Surabaya,68.9,2019-07-18
CUST_00377,Industri Besar,I3/I4,1000000,997,Makassar,7091.33,2019-07-18
CUST_00378,Rumah Tangga,R1/2200VA,2200,1444,Palembang,143.76,2020-03-28
CUST_00379,Rumah Tangga,R1/1300VA,1300,1444,Jakarta,199.92,2022-09-18
CUST_00380,Bisnis Menengah,B2,41500,1699,Makassar,1719.73,2018-07-21
CUST_00381,Rumah Tangga,R2/5500VA,5500,1699,Surabaya,411.4,2022-06-26
CUST_00382,Industri Besar,I3/I4,1000000,997,Bandung,10538.71,2022-01-28
CUST_00383,Industri Kecil,I1,13900,1444,Makassar,688.37,2023-08-23
CUST_00384,Rumah Tangga,R1/2200VA,2200,1444,Medan,265.62,2023-03-19
CUST_00385,Rumah Tangga,R1/1300VA,1300,1444,Semarang,209.02,2022-03-07
CUST_00386,Pemerintah,P1,13900,1699,Surabaya,1419.34,2017-03-21
CUST_00387,Bisnis Menengah,B2,41500,1699,Palembang,1343.83,2021-12-18
CUST_00388,Sosial,S2,3500,1352,Jakarta,185.36,2021-08-16
CUST_00389,Rumah Tangga,R1/900VA,900,1352,Palembang,80.59,2017-08-09
CUST_00390,Industri Kecil,I1,13900,1444,Jakarta,811.14,2021-02-05
CUST_00391,Bisnis Kecil,B1,5500,1444,Semarang,357.82,2017-04-11
CUST_00392,Rumah Tangga,R1/900VA,900,1352,Surabaya,99.29,2019-09-15
CUST_00393,Rumah Tangga,R2/5500VA,5500,1699,Medan,499.48,2022-03-02
CUST_00394,Bisnis Kecil,B1,5500,1444,Jakarta,294.32,2016-09-11
CUST_00395,Rumah Tangga,R1/900VA,900,1352,Semarang,71.12,2018-01-11
CUST_00396,Rumah Tangga,R1/2200VA,2200,1444,Bandung,207.08,2022-02-25
CUST_00397,Industri Kecil,I1,13900,1444,Semarang,385.18,2019-01-30
CUST_00398,Rumah Tangga,R1/1300VA,1300,1444,Semarang,94.91,2023-08-22
CUST_00399,Rumah Tangga,R1/2200VA,2200,1444,Palembang,286.32,2015-01-27
CUST_00400,Rumah Tangga,R1/2200VA,2200,1444,Semarang,209.49,2021-06-29
CUST_00401,Rumah Tangga,R1/1300VA,1300,1444,Surabaya,102.18,2022-04-28
CUST_00402,Industri Menengah,I2,200000,1115,Semarang,3900.83,2023-04-04
CUST_00403,Industri Kecil,I1,13900,1444,Palembang,979.99,2016-05-29
CUST_00404,Rumah Tangga,R1/900VA,900,1352,Surabaya,63.17,2023-11-08
CUST_00405,Pemerintah,P1,13900,1699,Jakarta,1292.15,2018-07-12
CUST_00406,Industri Menengah,I2,200000,1115,Denpasar,5652.02,2018-03-02
CUST_00407,Rumah Tangga,R1/1300VA,1300,1444,Bandung,159.61,2018-03-13
CUST_00408,Industri Kecil,I1,13900,1444,Makassar,902.05,2020-09-27
CUST_00409,Rumah Tangga,R1/900VA,900,1352,Bandung,44.73,2020-12-05
CUST_00410,Pemerintah,P1,13900,1699,Bandung,1434.62,2019-04-06
CUST_00411,Bisnis Kecil,B1,5500,1444,Palembang,326.62,2015-08-22
CUST_00412,Bisnis Kecil,B1,5500,1444,Bandung,565.76,2023-11-16
CUST_00413,Rumah Tangga,R1/900VA,900,1352,Semarang,92.11,2016-12-30
CUST_00414,Industri Menengah,I2,200000,1115,Semarang,1222.17,2015-11-05
CUST_00415,Rumah Tangga,R1/900VA,900,1352,Jakarta,43.47,2020-05-16
CUST_00416,Rumah Tangga,R1/1300VA,1300,1444,Bandung,172.06,2018-09-16
CUST_00417,Rumah Tangga,R1/900VA,900,1352,Palembang,90.64,2020-07-15
CUST_00418,Bisnis Menengah,B2,41500,1699,Makassar,650.41,2022-11-16
CUST_00419,Rumah Tangga,R1/900VA,900,1352,Jakarta,106.91,2015-11-16
CUST_00420,Industri Menengah,I2,200000,1115,Denpasar,5290.3,2017-07-22
CUST_00421,Bisnis Kecil,B1,5500,1444,Surabaya,373.39,2019-08-24
CUST_00422,Rumah Tangga,R1/900VA,900,1352,Jakarta,81.92,2022-01-31
CUST_00423,Rumah Tangga,R1/900VA,900,1352,Denpasar,40.49,2020-05-27
CUST_00424,Rumah Tangga,R1/900VA,900,1352,Jakarta,110.8,2018-06-11
CUST_00425,Rumah Tangga,R2/5500VA,5500,1699,Makassar,398.82,2020-06-27
CUST_00426,Industri Kecil,I1,13900,1444,Denpasar,1090.89,2023-10-25
CUST_00427,Rumah Tangga,R1/1300VA,1300,1444,Makassar,125.96,2019-04-26
CUST_00428,Industri Kecil,I1,13900,1444,Makassar,808.57,2022-12-12
CUST_00429,Rumah Tangga,R1/900VA,900,1352,Medan,64.33,2022-01-06
CUST_00430,Industri Kecil,I1,13900,1444,Bandung,444.53,2017-09-16
CUST_00431,Industri Besar,I3/I4,1000000,997,Makassar,16398.53,2017-03-30
CUST_00432,Bisnis Menengah,B2,41500,1699,Denpasar,1543.52,2021-12-05
CUST_00433,Bisnis Kecil,B1,5500,1444,Jakarta,391.42,2016-11-12
CUST_00434,Industri Kecil,I1,13900,1444,Denpasar,1168.87,2018-01-11
CUST_00435,Rumah Tangga,R1/900VA,900,1352,Medan,126.72,2017-02-12
CUST_00436,Rumah Tangga,R1/900VA,900,1352,Makassar,117.01,2020-06-14
CUST_00437,Rumah Tangga,R1/900VA,900,1352,Bandung,56.88,2017-08-24
CUST_00438,Rumah Tangga,R1/2200VA,2200,1444,Makassar,256.68,2020-12-03
CUST_00439,Bisnis Menengah,B2,41500,1699,Bandung,2268.48,2023-05-29
CUST_00440,Bisnis Kecil,B1,5500,1444,Surabaya,318.51,2022-06-18
CUST_00441,Industri Kecil,I1,13900,1444,Semarang,391.0,2023-07-12
CUST_00442,Rumah Tangga,R1/900VA,900,1352,Jakarta,112.99,2015-03-22
CUST_00443,Bisnis Menengah,B2,41500,1699,Medan,1515.35,2019-02-05
CUST_00444,Rumah Tangga,R1/900VA,900,1352,Makassar,90.8,2016-12-24
CUST_00445,Rumah Tangga,R1/1300VA,1300,1444,Bandung,217.32,2023-04-04
CUST_00446,Bisnis Kecil,B1,5500,1444,Surabaya,423.25,2021-05-27
CUST_00447,Pemerintah,P1,13900,1699,Surabaya,809.98,2017-11-17
CUST_00448,Rumah Tangga,R2/5500VA,5500,1699,Semarang,416.49,2020-01-26
CUST_00449,Rumah Tangga,R1/900VA,900,1352,Denpasar,77.59,2020-06-11
CUST_00450,Rumah Tangga,R2/5500VA,5500,1699,Palembang,303.28,2019-06-17
CUST_00451,Rumah Tangga,R1/900VA,900,1352,Bandung,111.53,2019-04-08
CUST_00452,Industri Menengah,I2,200000,1115,Jakarta,5221.04,2015-07-01
CUST_00453,Bisnis Kecil,B1,5500,1444,Jakarta,277.98,2019-01-26
CUST_00454,Rumah Tangga,R1/900VA,900,1352,Makassar,67.34,2018-02-18
CUST_00455,Rumah Tangga,R1/900VA,900,1352,Bandung,118.69,2022-05-11
CUST_00456,Rumah Tangga,R1/900VA,900,1352,Bandung,42.16,2022-10-12
CUST_00457,Pemerintah,P1,13900,1699,Palembang,924.55,2021-10-01
CUST_00458,Rumah Tangga,R1/2200VA,2200,1444,Palembang,226.65,2015-04-12
CUST_00459,Industri Kecil,I1,13900,1444,Palembang,921.11,2022-07-26
CUST_00460,Bisnis Kecil,B1,5500,1444,Surabaya,223.53,2018-07-26
CUST_00461,Rumah Tangga,R2/5500VA,5500,1699,Makassar,550.75,2018-09-29
CUST_00462,Rumah Tangga,R1/900VA,900,1352,Makassar,73.91,2023-07-02
CUST_00463,Industri Besar,I3/I4,1000000,997,Bandung,13899.44,2022-10-20
CUST_00464,Rumah Tangga,R1/1300VA,1300,1444,Makassar,76.01,2015-06-17
CUST_00465,Rumah Tangga,R2/5500VA,5500,1699,Makassar,457.78,2018-03-28
CUST_00466,Bisnis Kecil,B1,5500,1444,Medan,385.01,2021-09-28
CUST_00467,Bisnis Kecil,B1,5500,1444,Palembang,246.45,2019-11-06
CUST_00468,Industri Besar,I3/I4,1000000,997,Semarang,6233.98,2017-04-26
CUST_00469,Rumah Tangga,R1/900VA,900,1352,Makassar,56.96,2019-09-20
CUST_00470,Rumah Tangga,R1/2200VA,2200,1444,Semarang,199.15,2022-10-17
CUST_00471,Rumah Tangga,R1/1300VA,1300,1444,Palembang,84.52,2017-01-03
CUST_00472,Rumah Tangga,R1/2200VA,2200,1444,Makassar,337.88,2021-09-16
CUST_00473,Rumah Tangga,R1/900VA,900,1352,Surabaya,76.45,2021-08-10
CUST_00474,Rumah Tangga,R1/900VA,900,1352,Palembang,112.81,2022-12-19
CUST_00475,Rumah Tangga,R1/1300VA,1300,1444,Semarang,216.16,2017-09-05
CUST_00476,Rumah Tangga,R1/1300VA,1300,1444,Denpasar,82.11,2016-12-10
CUST_00477,Rumah Tangga,R1/2200VA,2200,1444,Bandung,269.88,2019-12-05
CUST_00478,Rumah Tangga,R2/5500VA,5500,1699,Medan,642.13,2019-10-12
CUST_00479,Bisnis Kecil,B1,5500,1444,Denpasar,435.41,2018-09-07
CUST_00480,Rumah Tangga,R1/1300VA,1300,1444,Makassar,134.35,2022-01-03
CUST_00481,Rumah Tangga,R1/1300VA,1300,1444,Denpasar,134.66,2022-03-09
CUST_00482,Rumah Tangga,R1/900VA,900,1352,Jakarta,43.23,2017-03-18
CUST_00483,Rumah Tangga,R2/5500VA,5500,1699,Jakarta,490.57,2022-02-26
CUST_00484,Rumah Tangga,R1/1300VA,1300,1444,Palembang,219.03,2017-01-28
CUST_00485,Rumah Tangga,R1/900VA,900,1352,Surabaya,126.28,2018-09-01
CUST_00486,Rumah Tangga,R1/1300VA,1300,1444,Makassar,76.06,2015-03-31
CUST_00487,Rumah Tangga,R1/2200VA,2200,1444,Medan,282.33,2018-01-23
CUST_00488,Rumah Tangga,R1/1300VA,1300,1444,Medan,115.26,2023-08-15
CUST_00489,Rumah Tangga,R2/5500VA,5500,1699,Denpasar,656.35,2018-12-24
CUST_00490,Rumah Tangga,R2/5500VA,5500,1699,Jakarta,270.3,2021-05-21
CUST_00491,Bisnis Kecil,B1,5500,1444,Palembang,571.14,2015-12-21
CUST_00492,Bisnis Kecil,B1,5500,1444,Denpasar,526.86,2020-09-18
CUST_00493,Bisnis Kecil,B1,5500,1444,Semarang,202.88,2018-05-05
CUST_00494,Rumah Tangga,R1/1300VA,1300,1444,Medan,78.97,2021-09-10
CUST_00495,Industri Kecil,I1,13900,1444,Bandung,1051.24,2023-05-07
CUST_00496,Rumah Tangga,R2/5500VA,5500,1699,Semarang,320.09,2019-10-13
CUST_00497,Rumah Tangga,R1/2200VA,2200,1444,Medan,243.03,2015-12-04
CUST_00498,Bisnis Kecil,B1,5500,1444,Bandung,562.09,2019-04-14
CUST_00499,Rumah Tangga,R1/1300VA,1300,1444,Surabaya,155.12,2016-02-09
CUST_00500,Rumah Tangga,R1/2200VA,2200,1444,Denpasar,211.36,2019-01-16
CUST_00501,Bisnis Menengah,B2,41500,1699,Surabaya,1445.53,2015-07-20
CUST_00502,Industri Menengah,I2,200000,1115,Bandung,1502.96,2020-10-04
CUST_00503,Industri Besar,I3/I4,1000000,997,Semarang,19500.04,2017-10-16
CUST_00504,Rumah Tangga,R1/2200VA,2200,1444,Bandung,191.45,2016-10-24
CUST_00505,Rumah Tangga,R1/2200VA,2200,1444,Denpasar,163.55,2015-02-26
CUST_00506,Industri Kecil,I1,13900,1444,Palembang,557.44,2022-12-27
CUST_00507,Rumah Tangga,R1/1300VA,1300,1444,Denpasar,214.66,2022-07-13
CUST_00508,Industri Kecil,I1,13900,1444,Denpasar,384.86,2022-04-20
CUST_00509,Rumah Tangga,R1/2200VA,2200,1444,Bandung,319.48,2015-07-10
CUST_00510,Rumah Tangga,R1/900VA,900,1352,Bandung,103.71,2018-02-22
CUST_00511,Rumah Tangga,R1/900VA,900,1352,Surabaya,114.7,2023-09-26
CUST_00512,Industri Kecil,I1,13900,1444,Medan,1178.31,2020-03-15
CUST_00513,Rumah Tangga,R1/900VA,900,1352,Denpasar,115.79,2016-02-27
CUST_00514,Rumah Tangga,R1/1300VA,1300,1444,Semarang,211.51,2016-04-08
CUST_00515,Rumah Tangga,R1/1300VA,1300,1444,Semarang,89.04,2017-05-14
CUST_00516,Rumah Tangga,R1/900VA,900,1352,Denpasar,111.62,2023-09-30
CUST_00517,Rumah Tangga,R1/1300VA,1300,1444,Semarang,151.85,2016-07-11
CUST_00518,Bisnis Menengah,B2,41500,1699,Medan,1632.64,2023-02-14
CUST_00519,Rumah Tangga,R1/900VA,900,1352,Medan,120.9,2021-02-05
CUST_00520,Industri Kecil,I1,13900,1444,Makassar,1174.62,2023-04-17
CUST_00521,Industri Kecil,I1,13900,1444,Jakarta,934.35,2022-06-06
CUST_00522,Rumah Tangga,R1/1300VA,1300,1444,Semarang,142.44,2017-12-27
CUST_00523,Rumah Tangga,R1/900VA,900,1352,Semarang,81.08,2022-06-12
CUST_00524,Rumah Tangga,R2/5500VA,5500,1699,Semarang,423.85,2016-07-09
CUST_00525,Rumah Tangga,R1/900VA,900,1352,Makassar,72.54,2017-08-13
CUST_00526,Rumah Tangga,R1/1300VA,1300,1444,Palembang,128.73,2016-11-26
CUST_00527,Sosial,S2,3500,1352,Denpasar,108.72,2016-03-13
CUST_00528,Pemerintah,P1,13900,1699,Makassar,392.92,2015-10-23
CUST_00529,Bisnis Menengah,B2,41500,1699,Medan,2081.75,2016-09-07
CUST_00530,Rumah Tangga,R1/1300VA,1300,1444,Jakarta,136.91,2016-01-30
CUST_00531,Bisnis Kecil,B1,5500,1444,Palembang,568.81,2018-06-03
CUST_00532,Bisnis Kecil,B1,5500,1444,Denpasar,425.5,2015-08-23
CUST_00533,Rumah Tangga,R1/1300VA,1300,1444,Semarang,75.28,2015-07-21
CUST_00534,Bisnis Kecil,B1,5500,1444,Palembang,220.89,2023-11-26
CUST_00535,Rumah Tangga,R1/900VA,900,1352,Palembang,58.52,2015-10-16
CUST_00536,Rumah Tangga,R1/900VA,900,1352,Palembang,127.82,2015-09-01
CUST_00537,Rumah Tangga,R1/2200VA,2200,1444,Makassar,170.3,2015-04-09
CUST_00538,Rumah Tangga,R1/900VA,900,1352,Jakarta,86.42,2016-03-11
CUST_00539,Rumah Tangga,R1/900VA,900,1352,Jakarta,124.26,2019-10-01
CUST_00540,Industri Kecil,I1,13900,1444,Bandung,1179.47,2022-06-10
CUST_00541,Pemerintah,P1,13900,1699,Medan,583.63,2021-08-11
CUST_00542,Rumah Tangga,R2/5500VA,5500,1699,Semarang,272.1,2020-03-21
CUST_00543,Industri Kecil,I1,13900,1444,Medan,438.24,2015-10-07
CUST_00544,Pemerintah,P1,13900,1699,Jakarta,375.99,2021-12-18
CUST_00545,Rumah Tangga,R1/900VA,900,1352,Bandung,57.56,2015-05-03
CUST_00546,Rumah Tangga,R1/2200VA,2200,1444,Denpasar,250.77,2020-09-03
CUST_00547,Rumah Tangga,R1/1300VA,1300,1444,Denpasar,206.87,2018-09-06
CUST_00548,Rumah Tangga,R1/900VA,900,1352,Medan,88.35,2022-12-07
CUST_00549,Bisnis Menengah,B2,41500,1699,Palembang,1789.38,2017-10-07
CUST_00550,Rumah Tangga,R1/2200VA,2200,1444,Semarang,166.43,2020-09-28
CUST_00551,Rumah Tangga,R1/2200VA,2200,1444,Denpasar,304.13,2018-12-16
CUST_00552,Rumah Tangga,R1/900VA,900,1352,Denpasar,95.6,2019-09-12
CUST_00553,Rumah Tangga,R1/900VA,900,1352,Semarang,117.77,2023-06-11
CUST_00554,Industri Menengah,I2,200000,1115,Medan,5754.45,2021-05-30
CUST_00555,Rumah Tangga,R1/900VA,900,1352,Semarang,71.31,2018-09-23
CUST_00556,Rumah Tangga,R1/1300VA,1300,1444,Surabaya,83.59,2019-01-09
CUST_00557,Rumah Tangga,R1/1300VA,1300,1444,Surabaya,103.89,2021-05-03
CUST_00558,Rumah Tangga,R1/2200VA,2200,1444,Makassar,220.7,2018-02-10
CUST_00559,Rumah Tangga,R2/5500VA,5500,1699,Makassar,675.56,2016-07-05
CUST_00560,Rumah Tangga,R1/2200VA,2200,1444,Makassar,207.01,2019-03-17
CUST_00561,Rumah Tangga,R1/900VA,900,1352,Medan,109.37,2015-08-13
CUST_00562,Rumah Tangga,R1/1300VA,1300,1444,Medan,151.07,2016-07-11
CUST_00563,Industri Kecil,I1,13900,1444,Jakarta,464.53,2018-10-14
CUST_00564,Bisnis Kecil,B1,5500,1444,Makassar,294.33,2022-03-01
CUST_00565,Bisnis Kecil,B1,5500,1444,Makassar,443.94,2022-01-10
CUST_00566,Bisnis Kecil,B1,5500,1444,Denpasar,452.78,2017-05-06
CUST_00567,Bisnis Menengah,B2,41500,1699,Makassar,1426.04,2018-10-18
CUST_00568,Rumah Tangga,R1/900VA,900,1352,Medan,60.58,2016-05-19
CUST_00569,Rumah Tangga,R1/1300VA,1300,1444,Jakarta,178.29,2021-10-16
CUST_00570,Rumah Tangga,R1/2200VA,2200,1444,Bandung,158.84,2017-03-20
CUST_00571,Rumah Tangga,R1/1300VA,1300,1444,Surabaya,210.5,2022-03-11
CUST_00572,Industri Kecil,I1,13900,1444,Medan,469.11,2022-07-29
CUST_00573,Rumah Tangga,R1/2200VA,2200,1444,Surabaya,144.68,2021-03-13
CUST_00574,Bisnis Menengah,B2,41500,1699,Medan,1545.53,2017-12-20
CUST_00575,Industri Kecil,I1,13900,1444,Palembang,767.59,2023-07-28
CUST_00576,Rumah Tangga,R1/2200VA,2200,1444,Bandung,236.88,2021-03-03
CUST_00577,Industri Menengah,I2,200000,1115,Surabaya,3296.0,2020-10-22
CUST_00578,Rumah Tangga,R2/5500VA,5500,1699,Bandung,697.67,2022-09-14
CUST_00579,Industri Kecil,I1,13900,1444,Surabaya,737.65,2022-12-05
CUST_00580,Rumah Tangga,R1/1300VA,1300,1444,Semarang,141.69,2015-09-13
CUST_00581,Rumah Tangga,R1/2200VA,2200,1444,Jakarta,217.01,2022-12-05
CUST_00582,Rumah Tangga,R1/2200VA,2200,1444,Surabaya,135.37,2021-11-18
CUST_00583,Rumah Tangga,R1/900VA,900,1352,Jakarta,93.37,2016-11-09
CUST_00584,Rumah Tangga,R1/1300VA,1300,1444,Denpasar,104.2,2017-10-07
CUST_00585,Industri Menengah,I2,200000,1115,Semarang,4260.52,2021-10-08
CUST_00586,Bisnis Kecil,B1,5500,1444,Bandung,172.88,2016-12-12
CUST_00587,Rumah Tangga,R1/900VA,900,1352,Bandung,128.32,2019-01-26
CUST_00588,Rumah Tangga,R1/1300VA,1300,1444,Jakarta,140.35,2021-03-13
CUST_00589,Rumah Tangga,R1/900VA,900,1352,Medan,120.71,2020-11-06
CUST_00590,Rumah Tangga,R1/900VA,900,1352,Palembang,82.8,2023-03-08
CUST_00591,Industri Besar,I3/I4,1000000,997,Makassar,4965.29,2016-01-02
CUST_00592,Rumah Tangga,R1/2200VA,2200,1444,Denpasar,309.11,2017-08-27
CUST_00593,Rumah Tangga,R1/1300VA,1300,1444,Surabaya,167.23,2023-11-10
CUST_00594,Rumah Tangga,R2/5500VA,5500,1699,Surabaya,601.79,2020-02-12
CUST_00595,Rumah Tangga,R1/900VA,900,1352,Medan,78.54,2017-03-28
CUST_00596,Rumah Tangga,R1/1300VA,1300,1444,Bandung,165.69,2017-08-10
CUST_00597,Bisnis Kecil,B1,5500,1444,Denpasar,535.3,2018-01-19
CUST_00598,Bisnis Kecil,B1,5500,1444,Bandung,433.98,2019-12-26
CUST_00599,Pemerintah,P1,13900,1699,Medan,717.21,2017-07-23
CUST_00600,Bisnis Kecil,B1,5500,1444,Makassar,448.14,2020-08-04
